Workbook

Sheet mainTable
A1: Order | B1: Name_For_file | C1: Column3 | D1: final_selection | E1: Acession_no_.1 | F1: Accession | G1: SRA_Accession | H1: Strain name | I1: Gene | J1: in_alignment_file | K1: to_be_added | L1: reason_for_exclusion | M1: Column2 | N1: comments | O1: comments2 | P1: Submitters | Q1: Release_Date | R1: Isolate | S1: Species | T1: Genus | U1: Family | V1: Molecule_type | W1: Length | X1: Sequence_Type | Y1: Nuc_Completeness | Z1: Genotype | AA1: Segment | AB1: Publications | AC1: Geo_Location | AD1: Country | AE1: latitute | AF1: longtitude | AG1: Information-re-location-coordinates | AH1: USA | AI1: Host | AJ1: host_simple | AK1: Isolation_Source | AL1: Collection_Date | AM1: date_text | AN1: BioSample | AO1: GenBank_Title
A2: 6 | B2: =_xlfn.CONCAT(Table1[[#This Row],[Acession_no_.1]],"|",Table1[[#This Row],[Strain name]],"|",Table1[[#This Row],[host_simple]],"|",Table1[[#This Row],[Country]],"|",Table1[[#This Row],[date_text]]) -> MT119465|Bri-103|Mn|Guinea|2015-11-09 | C2: Bri-103|Mn|Guinea|2015-11-09 | D2: =IF(ISNUMBER(MATCH(B2,finalSelection!$A$1:$A$497,0)),"yes","no") -> yes | E2: MT119465 | F2: MT119465.1 | H2: Bri-103 | I2: GP | J2: not yet | K2: Yes | L2: not yet | M2: =VLOOKUP(C2,seqConcatenated!$A$1:$B$124,2, FALSE) -> MT119465 and MT119559 are merged | N2: =IF(ISNA(Table1[[#This Row],[Column2]]),Table1[[#This Row],[comments2]], IF(O2="NA",M2,_xlfn.CONCAT(O2,"--",M2))) -> MT119465 and MT119559 are merged | O2: NA | P2: Marien,J., Lo Iacono,G., Rieger,T., Magassouba,N., Gunther,S., Fichet-Calvet,E. | Q2: 2020-06-10T00:00:00Z | S2: Lassa mammarenavirus | T2: Mammarenavirus | U2: Arenaviridae | V2: ssRNA(+/-) | W2: 888 | X2: GenBank | Y2: partial | AA2: S | AB2: 1 | AC2: Guinea: Brissa | AD2: Guinea | AE2: 10.216833 | AF2: -10.688767 | AG2: Taken from LASV_all_the_metadata | AI2: Mastomys natalensis | AJ2: =IF(Table1[[#This Row],[Host]]="Mastomys natalensis", "Mn", IF(Table1[[#This Row],[Host]]="Homo Sapiens","Human","PROBLEMMEMEMMEMEMEMM")) -> Mn | AK2: blood | AL2: 42317 | AM2: 2015-11-09 | AO2: Lassa mammarenavirus strain Bri-103 glycoprotein gene, partial cds
A3: 100 | B3: =_xlfn.CONCAT(Table1[[#This Row],[Acession_no_.1]],"|",Table1[[#This Row],[Strain name]],"|",Table1[[#This Row],[host_simple]],"|",Table1[[#This Row],[Country]],"|",Table1[[#This Row],[date_text]]) -> MT119559|Bri-103|Mn|Guinea|2015-11-09 | C3: Bri-103|Mn|Guinea|2015-11-09 | D3: =IF(ISNUMBER(MATCH(B3,finalSelection!$A$1:$A$497,0)),"yes","no") -> no | E3: MT119559 | F3: MT119559.1 | H3: Bri-103 | I3: NP | J3: not yet | K3: Yes | L3: not yet | M3: =VLOOKUP(C3,seqConcatenated!$A$1:$B$124,2, FALSE) -> MT119465 and MT119559 are merged | N3: =IF(ISNA(Table1[[#This Row],[Column2]]),Table1[[#This Row],[comments2]], IF(O3="NA",M3,_xlfn.CONCAT(O3,"--",M3))) -> MT119465 and MT119559 are merged | O3: NA | P3: Marien,J., Lo Iacono,G., Rieger,T., Magassouba,N., Gunther,S., Fichet-Calvet,E. | Q3: 2020-06-10T00:00:00Z | S3: Lassa mammarenavirus | T3: Mammarenavirus | U3: Arenaviridae | V3: ssRNA(+/-) | W3: 735 | X3: GenBank | Y3: partial | AA3: S | AB3: 1 | AC3: Guinea: Brissa | AD3: Guinea | AE3: 10.216833 | AF3: -10.688767 | AG3: Taken from LASV_all_the_metadata | AI3: Mastomys natalensis | AJ3: =IF(Table1[[#This Row],[Host]]="Mastomys natalensis", "Mn", IF(Table1[[#This Row],[Host]]="Homo Sapiens","Human","PROBLEMMEMEMMEMEMEMM")) -> Mn | AK3: blood | AL3: 42317 | AM3: 2015-11-09 | AO3: Lassa mammarenavirus strain Bri-103 nucleoprotein gene, partial cds
A4: 7 | B4: =_xlfn.CONCAT(Table1[[#This Row],[Acession_no_.1]],"|",Table1[[#This Row],[Strain name]],"|",Table1[[#This Row],[host_simple]],"|",Table1[[#This Row],[Country]],"|",Table1[[#This Row],[date_text]]) -> MT119466|Bri-115|Mn|Guinea|2015-11-09 | C4: Bri-115|Mn|Guinea|2015-11-09 | D4: =IF(ISNUMBER(MATCH(B4,finalSelection!$A$1:$A$497,0)),"yes","no") -> yes | E4: MT119466 | F4: MT119466.1 | H4: Bri-115 | I4: GP | J4: not yet | K4: Yes | L4: not yet | M4: =VLOOKUP(C4,seqConcatenated!$A$1:$B$124,2, FALSE) -> MT119466 and MT119560 are merged | N4: =IF(ISNA(Table1[[#This Row],[Column2]]),Table1[[#This Row],[comments2]], IF(O4="NA",M4,_xlfn.CONCAT(O4,"--",M4))) -> MT119466 and MT119560 are merged | O4: NA | P4: Marien,J., Lo Iacono,G., Rieger,T., Magassouba,N., Gunther,S., Fichet-Calvet,E. | Q4: 2020-06-10T00:00:00Z | S4: Lassa mammarenavirus | T4: Mammarenavirus | U4: Arenaviridae | V4: ssRNA(+/-) | W4: 888 | X4: GenBank | Y4: partial | AA4: S | AB4: 1 | AC4: Guinea: Brissa | AD4: Guinea | AE4: 10.216833 | AF4: -10.688767 | AG4: Taken from LASV_all_the_metadata | AI4: Mastomys natalensis | AJ4: =IF(Table1[[#This Row],[Host]]="Mastomys natalensis", "Mn", IF(Table1[[#This Row],[Host]]="Homo Sapiens","Human","PROBLEMMEMEMMEMEMEMM")) -> Mn | AK4: blood | AL4: 42317 | AM4: 2015-11-09 | AO4: Lassa mammarenavirus strain Bri-115 glycoprotein gene, partial cds
A5: 101 | B5: =_xlfn.CONCAT(Table1[[#This Row],[Acession_no_.1]],"|",Table1[[#This Row],[Strain name]],"|",Table1[[#This Row],[host_simple]],"|",Table1[[#This Row],[Country]],"|",Table1[[#This Row],[date_text]]) -> MT119560|Bri-115|Mn|Guinea|2015-11-09 | C5: Bri-115|Mn|Guinea|2015-11-09 | D5: =IF(ISNUMBER(MATCH(B5,finalSelection!$A$1:$A$497,0)),"yes","no") -> no | E5: MT119560 | F5: MT119560.1 | H5: Bri-115 | I5: NP | J5: not yet | K5: Yes | L5: not yet | M5: =VLOOKUP(C5,seqConcatenated!$A$1:$B$124,2, FALSE) -> MT119466 and MT119560 are merged | N5: =IF(ISNA(Table1[[#This Row],[Column2]]),Table1[[#This Row],[comments2]], IF(O5="NA",M5,_xlfn.CONCAT(O5,"--",M5))) -> MT119466 and MT119560 are merged | O5: NA | P5: Marien,J., Lo Iacono,G., Rieger,T., Magassouba,N., Gunther,S., Fichet-Calvet,E. | Q5: 2020-06-10T00:00:00Z | S5: Lassa mammarenavirus | T5: Mammarenavirus | U5: Arenaviridae | V5: ssRNA(+/-) | W5: 735 | X5: GenBank | Y5: partial | AA5: S | AB5: 1 | AC5: Guinea: Brissa | AD5: Guinea | AE5: 10.216833 | AF5: -10.688767 | AG5: Taken from LASV_all_the_metadata | AI5: Mastomys natalensis | AJ5: =IF(Table1[[#This Row],[Host]]="Mastomys natalensis", "Mn", IF(Table1[[#This Row],[Host]]="Homo Sapiens","Human","PROBLEMMEMEMMEMEMEMM")) -> Mn | AK5: blood | AL5: 42317 | AM5: 2015-11-09 | AO5: Lassa mammarenavirus strain Bri-115 nucleoprotein gene, partial cds
A6: 8 | B6: =_xlfn.CONCAT(Table1[[#This Row],[Acession_no_.1]],"|",Table1[[#This Row],[Strain name]],"|",Table1[[#This Row],[host_simple]],"|",Table1[[#This Row],[Country]],"|",Table1[[#This Row],[date_text]]) -> MT119467|Bri-116|Mn|Guinea|2015-11-09 | C6: Bri-116|Mn|Guinea|2015-11-09 | D6: =IF(ISNUMBER(MATCH(B6,finalSelection!$A$1:$A$497,0)),"yes","no") -> no | E6: MT119467 | F6: MT119467.1 | H6: Bri-116 | I6: GP | J6: not yet | K6: Yes | L6: not yet | M6: =VLOOKUP(C6,seqConcatenated!$A$1:$B$124,2, FALSE) -> MT119467 and MT119561 are merged | N6: =IF(ISNA(Table1[[#This Row],[Column2]]),Table1[[#This Row],[comments2]], IF(O6="NA",M6,_xlfn.CONCAT(O6,"--",M6))) -> MT119467 and MT119561 are merged | O6: NA | P6: Marien,J., Lo Iacono,G., Rieger,T., Magassouba,N., Gunther,S., Fichet-Calvet,E. | Q6: 2020-06-10T00:00:00Z | S6: Lassa mammarenavirus | T6: Mammarenavirus | U6: Arenaviridae | V6: ssRNA(+/-) | W6: 888 | X6: GenBank | Y6: partial | AA6: S | AB6: 1 | AC6: Guinea: Brissa | AD6: Guinea | AE6: 10.216833 | AF6: -10.688767 | AG6: Taken from LASV_all_the_metadata | AI6: Mastomys natalensis | AJ6: =IF(Table1[[#This Row],[Host]]="Mastomys natalensis", "Mn", IF(Table1[[#This Row],[Host]]="Homo Sapiens","Human","PROBLEMMEMEMMEMEMEMM")) -> Mn | AK6: blood | AL6: 42317 | AM6: 2015-11-09 | AO6: Lassa mammarenavirus strain Bri-116 glycoprotein gene, partial cds
A7: 102 | B7: =_xlfn.CONCAT(Table1[[#This Row],[Acession_no_.1]],"|",Table1[[#This Row],[Strain name]],"|",Table1[[#This Row],[host_simple]],"|",Table1[[#This Row],[Country]],"|",Table1[[#This Row],[date_text]]) -> MT119561|Bri-116|Mn|Guinea|2015-11-09 | C7: Bri-116|Mn|Guinea|2015-11-09 | D7: =IF(ISNUMBER(MATCH(B7,finalSelection!$A$1:$A$497,0)),"yes","no") -> no | E7: MT119561 | F7: MT119561.1 | H7: Bri-116 | I7: NP | J7: not yet | K7: Yes | L7: not yet | M7: =VLOOKUP(C7,seqConcatenated!$A$1:$B$124,2, FALSE) -> MT119467 and MT119561 are merged | N7: =IF(ISNA(Table1[[#This Row],[Column2]]),Table1[[#This Row],[comments2]], IF(O7="NA",M7,_xlfn.CONCAT(O7,"--",M7))) -> MT119467 and MT119561 are merged | O7: NA | P7: Marien,J., Lo Iacono,G., Rieger,T., Magassouba,N., Gunther,S., Fichet-Calvet,E. | Q7: 2020-06-10T00:00:00Z | S7: Lassa mammarenavirus | T7: Mammarenavirus | U7: Arenaviridae | V7: ssRNA(+/-) | W7: 735 | X7: GenBank | Y7: partial | AA7: S | AB7: 1 | AC7: Guinea: Brissa | AD7: Guinea | AE7: 10.216833 | AF7: -10.688767 | AG7: Taken from LASV_all_the_metadata | AI7: Mastomys natalensis | AJ7: =IF(Table1[[#This Row],[Host]]="Mastomys natalensis", "Mn", IF(Table1[[#This Row],[Host]]="Homo Sapiens","Human","PROBLEMMEMEMMEMEMEMM")) -> Mn | AK7: blood | AL7: 42317 | AM7: 2015-11-09 | AO7: Lassa mammarenavirus strain Bri-116 nucleoprotein gene, partial cds
A8: 9 | B8: =_xlfn.CONCAT(Table1[[#This Row],[Acession_no_.1]],"|",Table1[[#This Row],[Strain name]],"|",Table1[[#This Row],[host_simple]],"|",Table1[[#This Row],[Country]],"|",Table1[[#This Row],[date_text]]) -> MT119468|Bri-124|Mn|Guinea|2015-11-09 | C8: Bri-124|Mn|Guinea|2015-11-09 | D8: =IF(ISNUMBER(MATCH(B8,finalSelection!$A$1:$A$497,0)),"yes","no") -> yes | E8: MT119468 | F8: MT119468.1 | H8: Bri-124 | I8: GP | J8: not yet | K8: Yes | L8: not yet | M8: =VLOOKUP(C8,seqConcatenated!$A$1:$B$124,2, FALSE) -> MT119468 and MT119562 are merged | N8: =IF(ISNA(Table1[[#This Row],[Column2]]),Table1[[#This Row],[comments2]], IF(O8="NA",M8,_xlfn.CONCAT(O8,"--",M8))) -> MT119468 and MT119562 are merged | O8: NA | P8: Marien,J., Lo Iacono,G., Rieger,T., Magassouba,N., Gunther,S., Fichet-Calvet,E. | Q8: 2020-06-10T00:00:00Z | S8: Lassa mammarenavirus | T8: Mammarenavirus | U8: Arenaviridae | V8: ssRNA(+/-) | W8: 888 | X8: GenBank | Y8: partial | AA8: S | AB8: 1 | AC8: Guinea: Brissa | AD8: Guinea | AE8: 10.216833 | AF8: -10.688767 | AG8: Taken from LASV_all_the_metadata | AI8: Mastomys natalensis | AJ8: =IF(Table1[[#This Row],[Host]]="Mastomys natalensis", "Mn", IF(Table1[[#This Row],[Host]]="Homo Sapiens","Human","PROBLEMMEMEMMEMEMEMM")) -> Mn | AK8: blood | AL8: 42317 | AM8: 2015-11-09 | AO8: Lassa mammarenavirus strain Bri-124 glycoprotein gene, partial cds
A9: 103 | B9: =_xlfn.CONCAT(Table1[[#This Row],[Acession_no_.1]],"|",Table1[[#This Row],[Strain name]],"|",Table1[[#This Row],[host_simple]],"|",Table1[[#This Row],[Country]],"|",Table1[[#This Row],[date_text]]) -> MT119562|Bri-124|Mn|Guinea|2015-11-09 | C9: Bri-124|Mn|Guinea|2015-11-09 | D9: =IF(ISNUMBER(MATCH(B9,finalSelection!$A$1:$A$497,0)),"yes","no") -> no | E9: MT119562 | F9: MT119562.1 | H9: Bri-124 | I9: NP | J9: not yet | K9: Yes | L9: not yet | M9: =VLOOKUP(C9,seqConcatenated!$A$1:$B$124,2, FALSE) -> MT119468 and MT119562 are merged | N9: =IF(ISNA(Table1[[#This Row],[Column2]]),Table1[[#This Row],[comments2]], IF(O9="NA",M9,_xlfn.CONCAT(O9,"--",M9))) -> MT119468 and MT119562 are merged | O9: NA | P9: Marien,J., Lo Iacono,G., Rieger,T., Magassouba,N., Gunther,S., Fichet-Calvet,E. | Q9: 2020-06-10T00:00:00Z | S9: Lassa mammarenavirus | T9: Mammarenavirus | U9: Arenaviridae | V9: ssRNA(+/-) | W9: 735 | X9: GenBank | Y9: partial | AA9: S | AB9: 1 | AC9: Guinea: Brissa | AD9: Guinea | AE9: 10.216833 | AF9: -10.688767 | AG9: Taken from LASV_all_the_metadata | AI9: Mastomys natalensis | AJ9: =IF(Table1[[#This Row],[Host]]="Mastomys natalensis", "Mn", IF(Table1[[#This Row],[Host]]="Homo Sapiens","Human","PROBLEMMEMEMMEMEMEMM")) -> Mn | AK9: blood | AL9: 42317 | AM9: 2015-11-09 | AO9: Lassa mammarenavirus strain Bri-124 nucleoprotein gene, partial cds
A10: 10 | B10: =_xlfn.CONCAT(Table1[[#This Row],[Acession_no_.1]],"|",Table1[[#This Row],[Strain name]],"|",Table1[[#This Row],[host_simple]],"|",Table1[[#This Row],[Country]],"|",Table1[[#This Row],[date_text]]) -> MT119469|Bri-145|Mn|Guinea|2015-11-10 | C10: Bri-145|Mn|Guinea|2015-11-10 | D10: =IF(ISNUMBER(MATCH(B10,finalSelection!$A$1:$A$497,0)),"yes","no") -> yes | E10: MT119469 | F10: MT119469.1 | H10: Bri-145 | I10: GP | J10: not yet | K10: Yes | L10: not yet | M10: =VLOOKUP(C10,seqConcatenated!$A$1:$B$124,2, FALSE) -> MT119469 and MT119563 are merged | N10: =IF(ISNA(Table1[[#This Row],[Column2]]),Table1[[#This Row],[comments2]], IF(O10="NA",M10,_xlfn.CONCAT(O10,"--",M10))) -> MT119469 and MT119563 are merged | O10: NA | P10: Marien,J., Lo Iacono,G., Rieger,T., Magassouba,N., Gunther,S., Fichet-Calvet,E. | Q10: 2020-06-10T00:00:00Z | S10: Lassa mammarenavirus | T10: Mammarenavirus | U10: Arenaviridae | V10: ssRNA(+/-) | W10: 888 | X10: GenBank | Y10: partial | AA10: S | AB10: 1 | AC10: Guinea: Brissa | AD10: Guinea | AE10: 10.216833 | AF10: -10.688767 | AG10: Taken from LASV_all_the_metadata | AI10: Mastomys natalensis | AJ10: =IF(Table1[[#This Row],[Host]]="Mastomys natalensis", "Mn", IF(Table1[[#This Row],[Host]]="Homo Sapiens","Human","PROBLEMMEMEMMEMEMEMM")) -> Mn | AK10: blood | AL10: 42318 | AM10: 2015-11-10 | AO10: Lassa mammarenavirus strain Bri-145 glycoprotein gene, partial cds
A11: 104 | B11: =_xlfn.CONCAT(Table1[[#This Row],[Acession_no_.1]],"|",Table1[[#This Row],[Strain name]],"|",Table1[[#This Row],[host_simple]],"|",Table1[[#This Row],[Country]],"|",Table1[[#This Row],[date_text]]) -> MT119563|Bri-145|Mn|Guinea|2015-11-10 | C11: Bri-145|Mn|Guinea|2015-11-10 | D11: =IF(ISNUMBER(MATCH(B11,finalSelection!$A$1:$A$497,0)),"yes","no") -> no | E11: MT119563 | F11: MT119563.1 | H11: Bri-145 | I11: NP | J11: not yet | K11: Yes | L11: not yet | M11: =VLOOKUP(C11,seqConcatenated!$A$1:$B$124,2, FALSE) -> MT119469 and MT119563 are merged | N11: =IF(ISNA(Table1[[#This Row],[Column2]]),Table1[[#This Row],[comments2]], IF(O11="NA",M11,_xlfn.CONCAT(O11,"--",M11))) -> MT119469 and MT119563 are merged | O11: NA | P11: Marien,J., Lo Iacono,G., Rieger,T., Magassouba,N., Gunther,S., Fichet-Calvet,E. | Q11: 2020-06-10T00:00:00Z | S11: Lassa mammarenavirus | T11: Mammarenavirus | U11: Arenaviridae | V11: ssRNA(+/-) | W11: 735 | X11: GenBank | Y11: partial | AA11: S | AB11: 1 | AC11: Guinea: Brissa | AD11: Guinea | AE11: 10.216833 | AF11: -10.688767 | AG11: Taken from LASV_all_the_metadata | AI11: Mastomys natalensis | AJ11: =IF(Table1[[#This Row],[Host]]="Mastomys natalensis", "Mn", IF(Table1[[#This Row],[Host]]="Homo Sapiens","Human","PROBLEMMEMEMMEMEMEMM")) -> Mn | AK11: blood | AL11: 42318 | AM11: 2015-11-10 | AO11: Lassa mammarenavirus strain Bri-145 nucleoprotein gene, partial cds
A12: 11 | B12: =_xlfn.CONCAT(Table1[[#This Row],[Acession_no_.1]],"|",Table1[[#This Row],[Strain name]],"|",Table1[[#This Row],[host_simple]],"|",Table1[[#This Row],[Country]],"|",Table1[[#This Row],[date_text]]) -> MT119470|Bri-161|Mn|Guinea|2015-11-11 | C12: Bri-161|Mn|Guinea|2015-11-11 | D12: =IF(ISNUMBER(MATCH(B12,finalSelection!$A$1:$A$497,0)),"yes","no") -> no | E12: MT119470 | F12: MT119470.1 | H12: Bri-161 | I12: GP | J12: not yet | K12: Yes | L12: not yet | M12: =VLOOKUP(C12,seqConcatenated!$A$1:$B$124,2, FALSE) -> MT119470 and MT119564 are merged | N12: =IF(ISNA(Table1[[#This Row],[Column2]]),Table1[[#This Row],[comments2]], IF(O12="NA",M12,_xlfn.CONCAT(O12,"--",M12))) -> MT119470 and MT119564 are merged | O12: NA | P12: Marien,J., Lo Iacono,G., Rieger,T., Magassouba,N., Gunther,S., Fichet-Calvet,E. | Q12: 2020-06-10T00:00:00Z | S12: Lassa mammarenavirus | T12: Mammarenavirus | U12: Arenaviridae | V12: ssRNA(+/-) | W12: 888 | X12: GenBank | Y12: partial | AA12: S | AB12: 1 | AC12: Guinea: Brissa | AD12: Guinea | AE12: 10.216833 | AF12: -10.688767 | AG12: Taken from LASV_all_the_metadata | AI12: Mastomys natalensis | AJ12: =IF(Table1[[#This Row],[Host]]="Mastomys natalensis", "Mn", IF(Table1[[#This Row],[Host]]="Homo Sapiens","Human","PROBLEMMEMEMMEMEMEMM")) -> Mn | AK12: blood | AL12: 42319 | AM12: 2015-11-11 | AO12: Lassa mammarenavirus strain Bri-161 glycoprotein gene, partial cds
A13: 105 | B13: =_xlfn.CONCAT(Table1[[#This Row],[Acession_no_.1]],"|",Table1[[#This Row],[Strain name]],"|",Table1[[#This Row],[host_simple]],"|",Table1[[#This Row],[Country]],"|",Table1[[#This Row],[date_text]]) -> MT119564|Bri-161|Mn|Guinea|2015-11-11 | C13: Bri-161|Mn|Guinea|2015-11-11 | D13: =IF(ISNUMBER(MATCH(B13,finalSelection!$A$1:$A$497,0)),"yes","no") -> no | E13: MT119564 | F13: MT119564.1 | H13: Bri-161 | I13: NP | J13: not yet | K13: Yes | L13: not yet | M13: =VLOOKUP(C13,seqConcatenated!$A$1:$B$124,2, FALSE) -> MT119470 and MT119564 are merged | N13: =IF(ISNA(Table1[[#This Row],[Column2]]),Table1[[#This Row],[comments2]], IF(O13="NA",M13,_xlfn.CONCAT(O13,"--",M13))) -> MT119470 and MT119564 are merged | O13: NA | P13: Marien,J., Lo Iacono,G., Rieger,T., Magassouba,N., Gunther,S., Fichet-Calvet,E. | Q13: 2020-06-10T00:00:00Z | S13: Lassa mammarenavirus | T13: Mammarenavirus | U13: Arenaviridae | V13: ssRNA(+/-) | W13: 735 | X13: GenBank | Y13: partial | AA13: S | AB13: 1 | AC13: Guinea: Brissa | AD13: Guinea | AE13: 10.216833 | AF13: -10.688767 | AG13: Taken from LASV_all_the_metadata | AI13: Mastomys natalensis | AJ13: =IF(Table1[[#This Row],[Host]]="Mastomys natalensis", "Mn", IF(Table1[[#This Row],[Host]]="Homo Sapiens","Human","PROBLEMMEMEMMEMEMEMM")) -> Mn | AK13: blood | AL13: 42319 | AM13: 2015-11-11 | AO13: Lassa mammarenavirus strain Bri-161 nucleoprotein gene, partial cds
... A155: 291 | B155: =_xlfn.CONCAT(Table1[[#This Row],[Acession_no_.1]],"|",Table1[[#This Row],[Strain name]],"|",Table1[[#This Row],[host_simple]],"|",Table1[[#This Row],[Country]],"|",Table1[[#This Row],[date_text]]) -> KT833195|Kho30|Mn|Guinea|2013-11-26 | C155: Kho30|Mn|Guinea|2013-11-26 | D155: =IF(ISNUMBER(MATCH(B155,finalSelection!$A$1:$A$497,0)),"yes","no") -> no | E155: KT833195 | F155: KT833195.1 | H155: Kho30 | I155: NP | J155: AL1 | K155: Yes | L155: not yet | M155: =VLOOKUP(C155,seqConcatenated!$A$1:$B$124,2, FALSE) -> MN123677 and KT833195 are merged | N155: =IF(ISNA(Table1[[#This Row],[Column2]]),Table1[[#This Row],[comments2]], IF(O155="NA",M155,_xlfn.CONCAT(O155,"--",M155))) -> MN123677 and KT833195 are merged | O155: NA | P155: Fichet-Calvet,E., Olschlager,S., Strecker,T., Koivogui,L., Becker-Ziaja,B., Camara,A.B., Soropogui,B., Magassouba,N., Gunther,S., Camara,A. | Q155: 2016-02-13T00:00:00Z | S155: Lassa mammarenavirus | T155: Mammarenavirus | U155: Arenaviridae | V155: ssRNA(+/-) | W155: 754 | X155: GenBank | Y155: partial | AA155: S | AB155: 1 | AC155: Guinea: Khoria | AD155: Guinea | AE155: 9.9422667 | AF155: -10.893033 | AG155: Taken from LASV_all_the_metadata | AI155: Mastomys natalensis | AJ155: =IF(Table1[[#This Row],[Host]]="Mastomys natalensis", "Mn", IF(Table1[[#This Row],[Host]]="Homo Sapiens","Human","PROBLEMMEMEMMEMEMEMM")) -> Mn | AK155: blood | AL155: 41604 | AM155: 2013-11-26 | AO155: Lassa mammarenavirus strain Kho30 nucleoprotein gene, partial cds
A156: 1 | B156: =_xlfn.CONCAT(Table1[[#This Row],[Acession_no_.1]],"|",Table1[[#This Row],[Strain name]],"|",Table1[[#This Row],[host_simple]],"|",Table1[[#This Row],[Country]],"|",Table1[[#This Row],[date_text]]) -> MT861993|LASV/GUI/KIS-2019|Human|Guinea|2019-01-28 | C156: LASV/GUI/KIS-2019|Human|Guinea|2019-01-28 | D156: =IF(ISNUMBER(MATCH(B156,finalSelection!$A$1:$A$497,0)),"yes","no") -> no | E156: MT861993 | F156: MT861993.1 | H156: LASV/GUI/KIS-2019 | I156: both | J156: not yet | K156: Yes | L156: not yet | M156: =VLOOKUP(C156,seqConcatenated!$A$1:$B$124,2, FALSE) -> #N/A | N156: =IF(ISNA(Table1[[#This Row],[Column2]]),Table1[[#This Row],[comments2]], IF(O156="NA",M156,_xlfn.CONCAT(O156,"--",M156))) -> NA | O156: NA | P156: Magassouba,N., Koivogui,E., Conde,S., Kone,M., Koropogui,M., Soropogui,B., Kekoura,I., Hinzmann,J., Guenther,S., Keita,S., Duraffour,S., Fichet-Calvet,E., N'Faly Magassouba,N., Fichet-Calve,E. | Q156: 2020-10-03T00:00:00Z | R156: LASV/GUI/KIS-2019 | S156: Lassa mammarenavirus | T156: Mammarenavirus | U156: Arenaviridae | V156: ssRNA(+/-) | W156: 6833 | X156: GenBank | Y156: partial | AA156: L | AC156: Guinea: Kissidougou | AD156: Guinea | AE156: 9.192085 | AF156: -10.113945 | AG156: Taken from LASV_all_the_metadata | AI156: Homo sapiens | AJ156: =IF(Table1[[#This Row],[Host]]="Mastomys natalensis", "Mn", IF(Table1[[#This Row],[Host]]="Homo Sapiens","Human","PROBLEMMEMEMMEMEMEMM")) -> Human | AK156: blood | AL156: 43493 | AM156: 2019-01-28 | AO156: Lassa mammarenavirus isolate LASV/GUI/KIS-2019 Z protein (Z) gene, partial cds; and polymerase (L) gene, complete cds
A157: 2 | B157: =_xlfn.CONCAT(Table1[[#This Row],[Acession_no_.1]],"|",Table1[[#This Row],[Strain name]],"|",Table1[[#This Row],[host_simple]],"|",Table1[[#This Row],[Country]],"|",Table1[[#This Row],[date_text]]) -> MT861994|LASV/GUI/KIS-2019|Human|Guinea|2019-01-28 | C157: LASV/GUI/KIS-2019|Human|Guinea|2019-01-28 | D157: =IF(ISNUMBER(MATCH(B157,finalSelection!$A$1:$A$497,0)),"yes","no") -> no | E157: MT861994 | F157: MT861994.1 | H157: LASV/GUI/KIS-2019 | I157: both | J157: not yet | K157: Yes | L157: not yet | M157: =VLOOKUP(C157,seqConcatenated!$A$1:$B$124,2, FALSE) -> #N/A | N157: =IF(ISNA(Table1[[#This Row],[Column2]]),Table1[[#This Row],[comments2]], IF(O157="NA",M157,_xlfn.CONCAT(O157,"--",M157))) -> NA | O157: NA | P157: Magassouba,N., Koivogui,E., Conde,S., Kone,M., Koropogui,M., Soropogui,B., Kekoura,I., Hinzmann,J., Guenther,S., Keita,S., Duraffour,S., Fichet-Calvet,E., N'Faly Magassouba,N., Fichet-Calve,E. | Q157: 2020-10-03T00:00:00Z | R157: LASV/GUI/KIS-2019 | S157: Lassa mammarenavirus | T157: Mammarenavirus | U157: Arenaviridae | V157: ssRNA(+/-) | W157: 3401 | X157: GenBank | Y157: partial | AA157: S | AC157: Guinea: Kissidougou | AD157: Guinea | AE157: 9.192085 | AF157: -10.113945 | AG157: Taken from LASV_all_the_metadata | AI157: Homo sapiens | AJ157: =IF(Table1[[#This Row],[Host]]="Mastomys natalensis", "Mn", IF(Table1[[#This Row],[Host]]="Homo Sapiens","Human","PROBLEMMEMEMMEMEMEMM")) -> Human | AK157: blood | AL157: 43493 | AM157: 2019-01-28 | AO157: Lassa mammarenavirus isolate LASV/GUI/KIS-2019 glycoprotein precursor (GPC) and nucleoprotein (NP) genes, complete cds
A158: 209 | B158: =_xlfn.CONCAT(Table1[[#This Row],[Acession_no_.1]],"|",Table1[[#This Row],[Strain name]],"|",Table1[[#This Row],[host_simple]],"|",Table1[[#This Row],[Country]],"|",Table1[[#This Row],[date_text]]) -> MN123678|Saf01|Mn|Guinea|2013-12-03 | C158: Saf01|Mn|Guinea|2013-12-03 | D158: =IF(ISNUMBER(MATCH(B158,finalSelection!$A$1:$A$497,0)),"yes","no") -> yes | E158: MN123678 | F158: MN123678.1 | H158: Saf01 | I158: GP | J158: not yet | K158: Yes | L158: not yet | M158: =VLOOKUP(C158,seqConcatenated!$A$1:$B$124,2, FALSE) -> MN123678 and KT833203 are merged | N158: =IF(ISNA(Table1[[#This Row],[Column2]]),Table1[[#This Row],[comments2]], IF(O158="NA",M158,_xlfn.CONCAT(O158,"--",M158))) -> MN123678 and KT833203 are merged | O158: NA | P158: Olayemi,A., Adesina,A.S., Strecker,T., Magassouba,N., Fichet-Calvet,E., Adesina,A. | Q158: 2020-02-19T00:00:00Z | S158: Lassa mammarenavirus | T158: Mammarenavirus | U158: Arenaviridae | V158: ssRNA(+/-) | W158: 888 | X158: GenBank | Y158: partial | AA158: S | AB158: 1 | AC158: Guinea: Safrani | AD158: Guinea | AE158: 10.057817 | AF158: -10.738367 | AG158: Taken from LASV_all_the_metadata | AI158: Mastomys natalensis | AJ158: =IF(Table1[[#This Row],[Host]]="Mastomys natalensis", "Mn", IF(Table1[[#This Row],[Host]]="Homo Sapiens","Human","PROBLEMMEMEMMEMEMEMM")) -> Mn | AK158: blood | AL158: 41611 | AM158: 2013-12-03 | AO158: Lassa mammarenavirus strain Saf01 glycoprotein gene, partial cds
A159: 299 | B159: =_xlfn.CONCAT(Table1[[#This Row],[Acession_no_.1]],"|",Table1[[#This Row],[Strain name]],"|",Table1[[#This Row],[host_simple]],"|",Table1[[#This Row],[Country]],"|",Table1[[#This Row],[date_text]]) -> KT833203|Saf01|Mn|Guinea|2013-12-03 | C159: Saf01|Mn|Guinea|2013-12-03 | D159: =IF(ISNUMBER(MATCH(B159,finalSelection!$A$1:$A$497,0)),"yes","no") -> no | E159: KT833203 | F159: KT833203.1 | H159: Saf01 | I159: NP | J159: AL3-Final | K159: Yes | L159: not yet | M159: =VLOOKUP(C159,seqConcatenated!$A$1:$B$124,2, FALSE) -> MN123678 and KT833203 are merged | N159: =IF(ISNA(Table1[[#This Row],[Column2]]),Table1[[#This Row],[comments2]], IF(O159="NA",M159,_xlfn.CONCAT(O159,"--",M159))) -> MN123678 and KT833203 are merged | O159: NA | P159: Fichet-Calvet,E., Olschlager,S., Strecker,T., Koivogui,L., Becker-Ziaja,B., Camara,A.B., Soropogui,B., Magassouba,N., Gunther,S., Camara,A. | Q159: 2016-02-13T00:00:00Z | S159: Lassa mammarenavirus | T159: Mammarenavirus | U159: Arenaviridae | V159: ssRNA(+/-) | W159: 754 | X159: GenBank | Y159: partial | AA159: S | AB159: 1 | AC159: Guinea: Safrani | AD159: Guinea | AE159: 10.057817 | AF159: -10.738367 | AG159: Taken from LASV_all_the_metadata | AI159: Mastomys natalensis | AJ159: =IF(Table1[[#This Row],[Host]]="Mastomys natalensis", "Mn", IF(Table1[[#This Row],[Host]]="Homo Sapiens","Human","PROBLEMMEMEMMEMEMEMM")) -> Mn | AK159: blood | AL159: 41611 | AM159: 2013-12-03 | AO159: Lassa mammarenavirus strain Saf01 nucleoprotein gene, partial cds
A160: 210 | B160: =_xlfn.CONCAT(Table1[[#This Row],[Acession_no_.1]],"|",Table1[[#This Row],[Strain name]],"|",Table1[[#This Row],[host_simple]],"|",Table1[[#This Row],[Country]],"|",Table1[[#This Row],[date_text]]) -> MN123679|Sil03|Mn|Guinea|2013-12-06 | C160: Sil03|Mn|Guinea|2013-12-06 | D160: =IF(ISNUMBER(MATCH(B160,finalSelection!$A$1:$A$497,0)),"yes","no") -> yes | E160: MN123679 | F160: MN123679.1 | H160: Sil03 | I160: GP | J160: not yet | K160: Yes | L160: not yet | M160: =VLOOKUP(C160,seqConcatenated!$A$1:$B$124,2, FALSE) -> MN123679 and KT833204 are merged | N160: =IF(ISNA(Table1[[#This Row],[Column2]]),Table1[[#This Row],[comments2]], IF(O160="NA",M160,_xlfn.CONCAT(O160,"--",M160))) -> Coordinates must be updated in metadata of AL3--MN123679 and KT833204 are merged | O160: Coordinates must be updated in metadata of AL3 | P160: Olayemi,A., Adesina,A.S., Strecker,T., Magassouba,N., Fichet-Calvet,E., Adesina,A. | Q160: 2020-02-19T00:00:00Z | S160: Lassa mammarenavirus | T160: Mammarenavirus | U160: Arenaviridae | V160: ssRNA(+/-) | W160: 888 | X160: GenBank | Y160: partial | AA160: S | AB160: 1 | AC160: Guinea: Silimi | AD160: Guinea | AE160: 9.58609 | AF160: -10.49173 | AG160: Updated from Elisabeths paper: Spatial and temporal evolution of Lassa virus in the natural host population in Upper Guinea | AI160: Mastomys natalensis | AJ160: =IF(Table1[[#This Row],[Host]]="Mastomys natalensis", "Mn", IF(Table1[[#This Row],[Host]]="Homo Sapiens","Human","PROBLEMMEMEMMEMEMEMM")) -> Mn | AK160: blood | AL160: 41614 | AM160: 2013-12-06 | AO160: Lassa mammarenavirus strain Sil03 glycoprotein gene, partial cds
A161: 300 | B161: =_xlfn.CONCAT(Table1[[#This Row],[Acession_no_.1]],"|",Table1[[#This Row],[Strain name]],"|",Table1[[#This Row],[host_simple]],"|",Table1[[#This Row],[Country]],"|",Table1[[#This Row],[date_text]]) -> KT833204|Sil03|Mn|Guinea|2013-12-06 | C161: Sil03|Mn|Guinea|2013-12-06 | D161: =IF(ISNUMBER(MATCH(B161,finalSelection!$A$1:$A$497,0)),"yes","no") -> no | E161: KT833204 | F161: KT833204.1 | H161: Sil03 | I161: NP | J161: AL1 | K161: Yes | L161: not yet | M161: =VLOOKUP(C161,seqConcatenated!$A$1:$B$124,2, FALSE) -> MN123679 and KT833204 are merged | N161: =IF(ISNA(Table1[[#This Row],[Column2]]),Table1[[#This Row],[comments2]], IF(O161="NA",M161,_xlfn.CONCAT(O161,"--",M161))) -> Coordinates must be updated in metadata of AL3--MN123679 and KT833204 are merged | O161: Coordinates must be updated in metadata of AL3 | P161: Fichet-Calvet,E., Olschlager,S., Strecker,T., Koivogui,L., Becker-Ziaja,B., Camara,A.B., Soropogui,B., Magassouba,N., Gunther,S., Camara,A. | Q161: 2016-02-13T00:00:00Z | S161: Lassa mammarenavirus | T161: Mammarenavirus | U161: Arenaviridae | V161: ssRNA(+/-) | W161: 746 | X161: GenBank | Y161: partial | AA161: S | AB161: 1 | AC161: Guinea: Silimi | AD161: Guinea | AE161: 9.58609 | AF161: -10.49173 | AG161: Updated from Elisabeths paper: Spatial and temporal evolution of Lassa virus in the natural host population in Upper Guinea | AI161: Mastomys natalensis | AJ161: =IF(Table1[[#This Row],[Host]]="Mastomys natalensis", "Mn", IF(Table1[[#This Row],[Host]]="Homo Sapiens","Human","PROBLEMMEMEMMEMEMEMM")) -> Mn | AK161: blood | AL161: 41614 | AM161: 2013-12-06 | AO161: Lassa mammarenavirus strain Sil03 nucleoprotein gene, partial cds
A162: 74 | B162: =_xlfn.CONCAT(Table1[[#This Row],[Acession_no_.1]],"|",Table1[[#This Row],[Strain name]],"|",Table1[[#This Row],[host_simple]],"|",Table1[[#This Row],[Country]],"|",Table1[[#This Row],[date_text]]) -> MT119533|Sok-103|Mn|Guinea|2017-02-01 | C162: Sok-103|Mn|Guinea|2017-02-01 | D162: =IF(ISNUMBER(MATCH(B162,finalSelection!$A$1:$A$497,0)),"yes","no") -> yes | E162: MT119533 | F162: MT119533.1 | H162: Sok-103 | I162: GP | J162: not yet | K162: Yes | L162: not yet | M162: =VLOOKUP(C162,seqConcatenated!$A$1:$B$124,2, FALSE) -> MT119533 and MT119618 are merged | N162: =IF(ISNA(Table1[[#This Row],[Column2]]),Table1[[#This Row],[comments2]], IF(O162="NA",M162,_xlfn.CONCAT(O162,"--",M162))) -> MT119533 and MT119618 are merged | O162: NA | P162: Marien,J., Lo Iacono,G., Rieger,T., Magassouba,N., Gunther,S., Fichet-Calvet,E. | Q162: 2020-06-10T00:00:00Z | S162: Lassa mammarenavirus | T162: Mammarenavirus | U162: Arenaviridae | V162: ssRNA(+/-) | W162: 888 | X162: GenBank | Y162: partial | AA162: S | AB162: 1 | AC162: Guinea: Sokourala | AD162: Guinea | AE162: 10.056783 | AF162: -10.665833 | AG162: Taken from LASV_all_the_metadata | AI162: Mastomys natalensis | AJ162: =IF(Table1[[#This Row],[Host]]="Mastomys natalensis", "Mn", IF(Table1[[#This Row],[Host]]="Homo Sapiens","Human","PROBLEMMEMEMMEMEMEMM")) -> Mn | AK162: blood | AL162: 42767 | AM162: 2017-02-01 | AO162: Lassa mammarenavirus strain Sok-103 glycoprotein gene, partial cds
A163: 159 | B163: =_xlfn.CONCAT(Table1[[#This Row],[Acession_no_.1]],"|",Table1[[#This Row],[Strain name]],"|",Table1[[#This Row],[host_simple]],"|",Table1[[#This Row],[Country]],"|",Table1[[#This Row],[date_text]]) -> MT119618|Sok-103|Mn|Guinea|2017-02-01 | C163: Sok-103|Mn|Guinea|2017-02-01 | D163: =IF(ISNUMBER(MATCH(B163,finalSelection!$A$1:$A$497,0)),"yes","no") -> no | E163: MT119618 | F163: MT119618.1 | H163: Sok-103 | I163: NP | J163: not yet | K163: Yes | L163: not yet | M163: =VLOOKUP(C163,seqConcatenated!$A$1:$B$124,2, FALSE) -> MT119533 and MT119618 are merged | N163: =IF(ISNA(Table1[[#This Row],[Column2]]),Table1[[#This Row],[comments2]], IF(O163="NA",M163,_xlfn.CONCAT(O163,"--",M163))) -> MT119533 and MT119618 are merged | O163: NA | P163: Marien,J., Lo Iacono,G., Rieger,T., Magassouba,N., Gunther,S., Fichet-Calvet,E. | Q163: 2020-06-10T00:00:00Z | S163: Lassa mammarenavirus | T163: Mammarenavirus | U163: Arenaviridae | V163: ssRNA(+/-) | W163: 735 | X163: GenBank | Y163: partial | AA163: S | AB163: 1 | AC163: Guinea: Sokourala | AD163: Guinea | AE163: 10.056783 | AF163: -10.665833 | AG163: Taken from LASV_all_the_metadata | AI163: Mastomys natalensis | AJ163: =IF(Table1[[#This Row],[Host]]="Mastomys natalensis", "Mn", IF(Table1[[#This Row],[Host]]="Homo Sapiens","Human","PROBLEMMEMEMMEMEMEMM")) -> Mn | AK163: blood | AL163: 42767 | AM163: 2017-02-01 | AO163: Lassa mammarenavirus strain Sok-103 nucleoprotein gene, partial cds
A164: 75 | B164: =_xlfn.CONCAT(Table1[[#This Row],[Acession_no_.1]],"|",Table1[[#This Row],[Strain name]],"|",Table1[[#This Row],[host_simple]],"|",Table1[[#This Row],[Country]],"|",Table1[[#This Row],[date_text]]) -> MT119534|Sok-104|Mn|Guinea|2017-02-01 | C164: Sok-104|Mn|Guinea|2017-02-01 | D164: =IF(ISNUMBER(MATCH(B164,finalSelection!$A$1:$A$497,0)),"yes","no") -> yes | E164: MT119534 | F164: MT119534.1 | H164: Sok-104 | I164: GP | J164: not yet | K164: Yes | L164: not yet | M164: =VLOOKUP(C164,seqConcatenated!$A$1:$B$124,2, FALSE) -> MT119534 and MT119619 are merged | N164: =IF(ISNA(Table1[[#This Row],[Column2]]),Table1[[#This Row],[comments2]], IF(O164="NA",M164,_xlfn.CONCAT(O164,"--",M164))) -> MT119534 and MT119619 are merged | O164: NA | P164: Marien,J., Lo Iacono,G., Rieger,T., Magassouba,N., Gunther,S., Fichet-Calvet,E. | Q164: 2020-06-10T00:00:00Z | S164: Lassa mammarenavirus | T164: Mammarenavirus | U164: Arenaviridae | V164: ssRNA(+/-) | W164: 888 | X164: GenBank | Y164: partial | AA164: S | AB164: 1 | AC164: Guinea: Sokourala | AD164: Guinea | AE164: 10.056783 | AF164: -10.665833 | AG164: Taken from LASV_all_the_metadata | AI164: Mastomys natalensis | AJ164: =IF(Table1[[#This Row],[Host]]="Mastomys natalensis", "Mn", IF(Table1[[#This Row],[Host]]="Homo Sapiens","Human","PROBLEMMEMEMMEMEMEMM")) -> Mn | AK164: blood | AL164: 42767 | AM164: 2017-02-01 | AO164: Lassa mammarenavirus strain Sok-104 glycoprotein gene, partial cds
A165: 160 | B165: =_xlfn.CONCAT(Table1[[#This Row],[Acession_no_.1]],"|",Table1[[#This Row],[Strain name]],"|",Table1[[#This Row],[host_simple]],"|",Table1[[#This Row],[Country]],"|",Table1[[#This Row],[date_text]]) -> MT119619|Sok-104|Mn|Guinea|2017-02-01 | C165: Sok-104|Mn|Guinea|2017-02-01 | D165: =IF(ISNUMBER(MATCH(B165,finalSelection!$A$1:$A$497,0)),"yes","no") -> no | E165: MT119619 | F165: MT119619.1 | H165: Sok-104 | I165: NP | J165: not yet | K165: Yes | L165: not yet | M165: =VLOOKUP(C165,seqConcatenated!$A$1:$B$124,2, FALSE) -> MT119534 and MT119619 are merged | N165: =IF(ISNA(Table1[[#This Row],[Column2]]),Table1[[#This Row],[comments2]], IF(O165="NA",M165,_xlfn.CONCAT(O165,"--",M165))) -> MT119534 and MT119619 are merged | O165: NA | P165: Marien,J., Lo Iacono,G., Rieger,T., Magassouba,N., Gunther,S., Fichet-Calvet,E. | Q165: 2020-06-10T00:00:00Z | S165: Lassa mammarenavirus | T165: Mammarenavirus | U165: Arenaviridae | V165: ssRNA(+/-) | W165: 735 | X165: GenBank | Y165: partial | AA165: S | AB165: 1 | AC165: Guinea: Sokourala | AD165: Guinea | AE165: 10.056783 | AF165: -10.665833 | AG165: Taken from LASV_all_the_metadata | AI165: Mastomys natalensis | AJ165: =IF(Table1[[#This Row],[Host]]="Mastomys natalensis", "Mn", IF(Table1[[#This Row],[Host]]="Homo Sapiens","Human","PROBLEMMEMEMMEMEMEMM")) -> Mn | AK165: blood | AL165: 42767 | AM165: 2017-02-01 | AO165: Lassa mammarenavirus strain Sok-104 nucleoprotein gene, partial cds
A166: 62 | B166: =_xlfn.CONCAT(Table1[[#This Row],[Acession_no_.1]],"|",Table1[[#This Row],[Strain name]],"|",Table1[[#This Row],[host_simple]],"|",Table1[[#This Row],[Country]],"|",Table1[[#This Row],[date_text]]) -> MT119521|Sok-22|Mn|Guinea|2013-11-09 | C166: Sok-22|Mn|Guinea|2013-11-09 | D166: =IF(ISNUMBER(MATCH(B166,finalSelection!$A$1:$A$497,0)),"yes","no") -> no | E166: MT119521 | F166: MT119521.1 | H166: Sok-22 | I166: GP | J166: not yet | K166: Yes | L166: not yet | M166: =VLOOKUP(C166,seqConcatenated!$A$1:$B$124,2, FALSE) -> MT119521 and MT119606 are merged | N166: =IF(ISNA(Table1[[#This Row],[Column2]]),Table1[[#This Row],[comments2]], IF(O166="NA",M166,_xlfn.CONCAT(O166,"--",M166))) -> MT119521 and MT119606 are merged | O166: NA | P166: Marien,J., Lo Iacono,G., Rieger,T., Magassouba,N., Gunther,S., Fichet-Calvet,E. | Q166: 2020-06-10T00:00:00Z | S166: Lassa mammarenavirus | T166: Mammarenavirus | U166: Arenaviridae | V166: ssRNA(+/-) | W166: 888 | X166: GenBank | Y166: partial | AA166: S | AB166: 1 | AC166: Guinea: Sokourala | AD166: Guinea | AE166: 10.056783 | AF166: -10.665833 | AG166: Taken from LASV_all_the_metadata | AI166: Mastomys natalensis | AJ166: =IF(Table1[[#This Row],[Host]]="Mastomys natalensis", "Mn", IF(Table1[[#This Row],[Host]]="Homo Sapiens","Human","PROBLEMMEMEMMEMEMEMM")) -> Mn | AK166: blood | AL166: 41587 | AM166: 2013-11-09 | AO166: Lassa mammarenavirus strain Sok-22 glycoprotein gene, partial cds
A167: 147 | B167: =_xlfn.CONCAT(Table1[[#This Row],[Acession_no_.1]],"|",Table1[[#This Row],[Strain name]],"|",Table1[[#This Row],[host_simple]],"|",Table1[[#This Row],[Country]],"|",Table1[[#This Row],[date_text]]) -> MT119606|Sok-22|Mn|Guinea|2013-11-09 | C167: Sok-22|Mn|Guinea|2013-11-09 | D167: =IF(ISNUMBER(MATCH(B167,finalSelection!$A$1:$A$497,0)),"yes","no") -> no | E167: MT119606 | F167: MT119606.1 | H167: Sok-22 | I167: NP | J167: not yet | K167: Yes | L167: not yet | M167: =VLOOKUP(C167,seqConcatenated!$A$1:$B$124,2, FALSE) -> MT119521 and MT119606 are merged | N167: =IF(ISNA(Table1[[#This Row],[Column2]]),Table1[[#This Row],[comments2]], IF(O167="NA",M167,_xlfn.CONCAT(O167,"--",M167))) -> MT119521 and MT119606 are merged | O167: NA | P167: Marien,J., Lo Iacono,G., Rieger,T., Magassouba,N., Gunther,S., Fichet-Calvet,E. | Q167: 2020-06-10T00:00:00Z | S167: Lassa mammarenavirus | T167: Mammarenavirus | U167: Arenaviridae | V167: ssRNA(+/-) | W167: 735 | X167: GenBank | Y167: partial | AA167: S | AB167: 1 | AC167: Guinea: Sokourala | AD167: Guinea | AE167: 10.056783 | AF167: -10.665833 | AG167: Taken from LASV_all_the_metadata | AI167: Mastomys natalensis | AJ167: =IF(Table1[[#This Row],[Host]]="Mastomys natalensis", "Mn", IF(Table1[[#This Row],[Host]]="Homo Sapiens","Human","PROBLEMMEMEMMEMEMEMM")) -> Mn | AK167: blood | AL167: 41587 | AM167: 2013-11-09 | AO167: Lassa mammarenavirus strain Sok-22 nucleoprotein gene, partial cds
A168: 63 | B168: =_xlfn.CONCAT(Table1[[#This Row],[Acession_no_.1]],"|",Table1[[#This Row],[Strain name]],"|",Table1[[#This Row],[host_simple]],"|",Table1[[#This Row],[Country]],"|",Table1[[#This Row],[date_text]]) -> MT119522|Sok-34|Mn|Guinea|2013-11-10 | C168: Sok-34|Mn|Guinea|2013-11-10 | D168: =IF(ISNUMBER(MATCH(B168,finalSelection!$A$1:$A$497,0)),"yes","no") -> yes | E168: MT119522 | F168: MT119522.1 | H168: Sok-34 | I168: GP | J168: not yet | K168: Yes | L168: not yet | M168: =VLOOKUP(C168,seqConcatenated!$A$1:$B$124,2, FALSE) -> MT119522 and MT119607 are merged | N168: =IF(ISNA(Table1[[#This Row],[Column2]]),Table1[[#This Row],[comments2]], IF(O168="NA",M168,_xlfn.CONCAT(O168,"--",M168))) -> MT119522 and MT119607 are merged | O168: NA | P168: Marien,J., Lo Iacono,G., Rieger,T., Magassouba,N., Gunther,S., Fichet-Calvet,E. | Q168: 2020-06-10T00:00:00Z | S168: Lassa mammarenavirus | T168: Mammarenavirus | U168: Arenaviridae | V168: ssRNA(+/-) | W168: 888 | X168: GenBank | Y168: partial | AA168: S | AB168: 1 | AC168: Guinea: Sokourala | AD168: Guinea | AE168: 10.056783 | AF168: -10.665833 | AG168: Taken from LASV_all_the_metadata | AI168: Mastomys natalensis | AJ168: =IF(Table1[[#This Row],[Host]]="Mastomys natalensis", "Mn", IF(Table1[[#This Row],[Host]]="Homo Sapiens","Human","PROBLEMMEMEMMEMEMEMM")) -> Mn | AK168: blood | AL168: 41588 | AM168: 2013-11-10 | AO168: Lassa mammarenavirus strain Sok-34 glycoprotein gene, partial cds
A169: 148 | B169: =_xlfn.CONCAT(Table1[[#This Row],[Acession_no_.1]],"|",Table1[[#This Row],[Strain name]],"|",Table1[[#This Row],[host_simple]],"|",Table1[[#This Row],[Country]],"|",Table1[[#This Row],[date_text]]) -> MT119607|Sok-34|Mn|Guinea|2013-11-10 | C169: Sok-34|Mn|Guinea|2013-11-10 | D169: =IF(ISNUMBER(MATCH(B169,finalSelection!$A$1:$A$497,0)),"yes","no") -> no | E169: MT119607 | F169: MT119607.1 | H169: Sok-34 | I169: NP | J169: not yet | K169: Yes | L169: not yet | M169: =VLOOKUP(C169,seqConcatenated!$A$1:$B$124,2, FALSE) -> MT119522 and MT119607 are merged | N169: =IF(ISNA(Table1[[#This Row],[Column2]]),Table1[[#This Row],[comments2]], IF(O169="NA",M169,_xlfn.CONCAT(O169,"--",M169))) -> MT119522 and MT119607 are merged | O169: NA | P169: Marien,J., Lo Iacono,G., Rieger,T., Magassouba,N., Gunther,S., Fichet-Calvet,E. | Q169: 2020-06-10T00:00:00Z | S169: Lassa mammarenavirus | T169: Mammarenavirus | U169: Arenaviridae | V169: ssRNA(+/-) | W169: 735 | X169: GenBank | Y169: partial | AA169: S | AB169: 1 | AC169: Guinea: Sokourala | AD169: Guinea | AE169: 10.056783 | AF169: -10.665833 | AG169: Taken from LASV_all_the_metadata | AI169: Mastomys natalensis | AJ169: =IF(Table1[[#This Row],[Host]]="Mastomys natalensis", "Mn", IF(Table1[[#This Row],[Host]]="Homo Sapiens","Human","PROBLEMMEMEMMEMEMEMM")) -> Mn | AK169: blood | AL169: 41588 | AM169: 2013-11-10 | AO169: Lassa mammarenavirus strain Sok-34 nucleoprotein gene, partial cds
... A266: 288 | B266: =_xlfn.CONCAT(Table1[[#This Row],[Acession_no_.1]],"|",Table1[[#This Row],[Strain name]],"|",Table1[[#This Row],[host_simple]],"|",Table1[[#This Row],[Country]],"|",Table1[[#This Row],[date_text]]) -> KT833192|Yar46|Mn|Guinea|2013-11-21 | C266: Yar46|Mn|Guinea|2013-11-21 | D266: =IF(ISNUMBER(MATCH(B266,finalSelection!$A$1:$A$497,0)),"yes","no") -> no | E266: KT833192 | F266: KT833192.1 | H266: Yar46 | I266: NP | J266: AL3-Final | K266: Yes | L266: not yet | M266: =VLOOKUP(C266,seqConcatenated!$A$1:$B$124,2, FALSE) -> MN123696 and KT833192 are merged | N266: =IF(ISNA(Table1[[#This Row],[Column2]]),Table1[[#This Row],[comments2]], IF(O266="NA",M266,_xlfn.CONCAT(O266,"--",M266))) -> MN123696 and KT833192 are merged | O266: NA | P266: Fichet-Calvet,E., Olschlager,S., Strecker,T., Koivogui,L., Becker-Ziaja,B., Camara,A.B., Soropogui,B., Magassouba,N., Gunther,S., Camara,A. | Q266: 2016-02-13T00:00:00Z | S266: Lassa mammarenavirus | T266: Mammarenavirus | U266: Arenaviridae | V266: ssRNA(+/-) | W266: 754 | X266: GenBank | Y266: partial | AA266: S | AB266: 1 | AC266: Guinea: Yarawalia | AD266: Guinea | AE266: 9.95445 | AF266: -10.731883 | AG266: Taken from LASV_all_the_metadata | AI266: Mastomys natalensis | AJ266: =IF(Table1[[#This Row],[Host]]="Mastomys natalensis", "Mn", IF(Table1[[#This Row],[Host]]="Homo Sapiens","Human","PROBLEMMEMEMMEMEMEMM")) -> Mn | AK266: blood | AL266: 41599 | AM266: 2013-11-21 | AO266: Lassa mammarenavirus strain Yar46 nucleoprotein gene, partial cds
B267: =_xlfn.CONCAT(Table1[[#This Row],[Acession_no_.1]],"|",Table1[[#This Row],[Strain name]],"|",Table1[[#This Row],[host_simple]],"|",Table1[[#This Row],[Country]],"|",Table1[[#This Row],[date_text]]) -> MW039388|NYA-44|Mn|Sierra_Leone|2014-04-28 | C267: NYA-44|Mn|Sierra_Leone|2014-04-28 | D267: =IF(ISNUMBER(MATCH(B267,finalSelection!$A$1:$A$497,0)),"yes","no") -> yes | E267: MW039388 | F267: MW039388.1 | H267: NYA-44 | I267: both | J267: not yet | K267: Yes | L267: not yet | M267: =VLOOKUP(C267,seqConcatenated!$A$1:$B$124,2, FALSE) -> #N/A | N267: =IF(ISNA(Table1[[#This Row],[Column2]]),Table1[[#This Row],[comments2]], IF(O267="NA",M267,_xlfn.CONCAT(O267,"--",M267))) -> NA | O267: NA | P267: Bangura,U., Buanie,J., Lamin,J., Davis,C., Bongo,G.N., Dawson,M., Ansumana,R., Sondufu,D., Thomson,E.C., Sahr,F., Fichet-Calvet,E., Thomson,E. | Q267: 2021-02-08T00:00:00Z | S267: Lassa mammarenavirus | T267: Mammarenavirus | U267: Arenaviridae | V267: ssRNA(+/-) | W267: 3368 | X267: GenBank | Y267: partial | AA267: S | AB267: 1 | AC267: Sierra Leone: Nyandeyama | AD267: Sierra_Leone | AE267: 7.86376 | AF267: -11,19747 | AG267: google maps | AI267: Mastomys natalensis | AJ267: =IF(Table1[[#This Row],[Host]]="Mastomys natalensis", "Mn", IF(Table1[[#This Row],[Host]]="Homo Sapiens","Human","PROBLEMMEMEMMEMEMEMM")) -> Mn | AK267: blood | AL267: 41757 | AM267: 2014-04-28 | AO267: Lassa mammarenavirus strain NYA-44 glycoprotein precursor (GPC) and nucleoprotein (NP) genes, partial cds
B268: =_xlfn.CONCAT(Table1[[#This Row],[Acession_no_.1]],"|",Table1[[#This Row],[Strain name]],"|",Table1[[#This Row],[host_simple]],"|",Table1[[#This Row],[Country]],"|",Table1[[#This Row],[date_text]]) -> MW039389|YAK-02|Mn|Sierra_Leone|2014-04-10 | C268: YAK-02|Mn|Sierra_Leone|2014-04-10 | D268: =IF(ISNUMBER(MATCH(B268,finalSelection!$A$1:$A$497,0)),"yes","no") -> yes | E268: MW039389 | F268: MW039389.1 | H268: YAK-02 | I268: both | J268: not yet | K268: Yes | L268: not yet | M268: =VLOOKUP(C268,seqConcatenated!$A$1:$B$124,2, FALSE) -> #N/A | N268: =IF(ISNA(Table1[[#This Row],[Column2]]),Table1[[#This Row],[comments2]], IF(O268="NA",M268,_xlfn.CONCAT(O268,"--",M268))) -> NA | O268: NA | P268: Bangura,U., Buanie,J., Lamin,J., Davis,C., Bongo,G.N., Dawson,M., Ansumana,R., Sondufu,D., Thomson,E.C., Sahr,F., Fichet-Calvet,E., Thomson,E. | Q268: 2021-02-08T00:00:00Z | S268: Lassa mammarenavirus | T268: Mammarenavirus | U268: Arenaviridae | V268: ssRNA(+/-) | W268: 3368 | X268: GenBank | Y268: partial | AA268: S | AB268: 1 | AC268: Sierra Leone: Yakaji | AD268: Sierra_Leone | AE268: 7,97350 | AF268: -11,39484 | AG268: google maps | AI268: Mastomys natalensis | AJ268: =IF(Table1[[#This Row],[Host]]="Mastomys natalensis", "Mn", IF(Table1[[#This Row],[Host]]="Homo Sapiens","Human","PROBLEMMEMEMMEMEMEMM")) -> Mn | AK268: blood | AL268: 41739 | AM268: 2014-04-10 | AO268: Lassa mammarenavirus strain YAK-02 glycoprotein precursor (GPC) and nucleoprotein (NP) genes, partial cds
B269: =_xlfn.CONCAT(Table1[[#This Row],[Acession_no_.1]],"|",Table1[[#This Row],[Strain name]],"|",Table1[[#This Row],[host_simple]],"|",Table1[[#This Row],[Country]],"|",Table1[[#This Row],[date_text]]) -> MW039390|YAK-08|Mn|Sierra_Leone|2014-04-10 | C269: YAK-08|Mn|Sierra_Leone|2014-04-10 | D269: =IF(ISNUMBER(MATCH(B269,finalSelection!$A$1:$A$497,0)),"yes","no") -> yes | E269: MW039390 | F269: MW039390.1 | H269: YAK-08 | I269: both | J269: not yet | K269: Yes | L269: not yet | M269: =VLOOKUP(C269,seqConcatenated!$A$1:$B$124,2, FALSE) -> #N/A | N269: =IF(ISNA(Table1[[#This Row],[Column2]]),Table1[[#This Row],[comments2]], IF(O269="NA",M269,_xlfn.CONCAT(O269,"--",M269))) -> NA | O269: NA | P269: Bangura,U., Buanie,J., Lamin,J., Davis,C., Bongo,G.N., Dawson,M., Ansumana,R., Sondufu,D., Thomson,E.C., Sahr,F., Fichet-Calvet,E., Thomson,E. | Q269: 2021-02-08T00:00:00Z | S269: Lassa mammarenavirus | T269: Mammarenavirus | U269: Arenaviridae | V269: ssRNA(+/-) | W269: 3298 | X269: GenBank | Y269: partial | AA269: S | AB269: 1 | AC269: Sierra Leone: Yakaji | AD269: Sierra_Leone | AE269: 7,97350 | AF269: -11,39484 | AG269: google maps | AI269: Mastomys natalensis | AJ269: =IF(Table1[[#This Row],[Host]]="Mastomys natalensis", "Mn", IF(Table1[[#This Row],[Host]]="Homo Sapiens","Human","PROBLEMMEMEMMEMEMEMM")) -> Mn | AK269: blood | AL269: 41739 | AM269: 2014-04-10 | AO269: Lassa mammarenavirus strain YAK-08 glycoprotein precursor (GPC) and nucleoprotein (NP) genes, partial cds
B270: =_xlfn.CONCAT(Table1[[#This Row],[Acession_no_.1]],"|",Table1[[#This Row],[Strain name]],"|",Table1[[#This Row],[host_simple]],"|",Table1[[#This Row],[Country]],"|",Table1[[#This Row],[date_text]]) -> MW039391|YAK-20|Mn|Sierra_Leone|2014-04-11 | C270: YAK-20|Mn|Sierra_Leone|2014-04-11 | D270: =IF(ISNUMBER(MATCH(B270,finalSelection!$A$1:$A$497,0)),"yes","no") -> yes | E270: MW039391 | F270: MW039391.1 | H270: YAK-20 | I270: both | J270: not yet | K270: Yes | L270: not yet | M270: =VLOOKUP(C270,seqConcatenated!$A$1:$B$124,2, FALSE) -> #N/A | N270: =IF(ISNA(Table1[[#This Row],[Column2]]),Table1[[#This Row],[comments2]], IF(O270="NA",M270,_xlfn.CONCAT(O270,"--",M270))) -> NA | O270: NA | P270: Bangura,U., Buanie,J., Lamin,J., Davis,C., Bongo,G.N., Dawson,M., Ansumana,R., Sondufu,D., Thomson,E.C., Sahr,F., Fichet-Calvet,E., Thomson,E. | Q270: 2021-02-08T00:00:00Z | S270: Lassa mammarenavirus | T270: Mammarenavirus | U270: Arenaviridae | V270: ssRNA(+/-) | W270: 3368 | X270: GenBank | Y270: partial | AA270: S | AB270: 1 | AC270: Sierra Leone: Yakaji | AD270: Sierra_Leone | AE270: 7,97350 | AF270: -11,39484 | AG270: google maps | AI270: Mastomys natalensis | AJ270: =IF(Table1[[#This Row],[Host]]="Mastomys natalensis", "Mn", IF(Table1[[#This Row],[Host]]="Homo Sapiens","Human","PROBLEMMEMEMMEMEMEMM")) -> Mn | AK270: blood | AL270: 41740 | AM270: 2014-04-11 | AO270: Lassa mammarenavirus strain YAK-20 glycoprotein precursor (GPC) and nucleoprotein (NP) genes, complete cds

Sheet simonColSelection
A1: segment_S | B1: acession_s | C1: country | D1: admin1 | E1: location | F1: latitute | G1: longtitude
A2: MT119465|Bri-103|Mn|Guinea|2015-11-09 | B2: MT119465 | C2: Guinea | E2: Brissa | F2: 10.216833 | G2: -10.688767
A3: MT119466|Bri-115|Mn|Guinea|2015-11-09 | B3: MT119466 | C3: Guinea | E3: Brissa | F3: 10.216833 | G3: -10.688767
A4: MT119468|Bri-124|Mn|Guinea|2015-11-09 | B4: MT119468 | C4: Guinea | E4: Brissa | F4: 10.216833 | G4: -10.688767
A5: MT119469|Bri-145|Mn|Guinea|2015-11-10 | B5: MT119469 | C5: Guinea | E5: Brissa | F5: 10.216833 | G5: -10.688767
A6: MT119471|Bri-174|Mn|Guinea|2015-11-11 | B6: MT119471 | C6: Guinea | E6: Brissa | F6: 10.216833 | G6: -10.688767
A7: MT119472|Bri-194|Mn|Guinea|2016-11-12 | B7: MT119472 | C7: Guinea | E7: Brissa | F7: 10.216833 | G7: -10.688767
A8: MT119473|Bri-195|Mn|Guinea|2016-11-12 | B8: MT119473 | C8: Guinea | E8: Brissa | F8: 10.216833 | G8: -10.688767
A9: MT119474|Bri-201|Mn|Guinea|2016-11-12 | B9: MT119474 | C9: Guinea | E9: Brissa | F9: 10.216833 | G9: -10.688767
A10: MT119475|Bri-210|Mn|Guinea|2016-11-12 | B10: MT119475 | C10: Guinea | E10: Brissa | F10: 10.216833 | G10: -10.688767
A11: MT119477|Bri-216|Mn|Guinea|2016-11-13 | B11: MT119477 | C11: Guinea | E11: Brissa | F11: 10.216833 | G11: -10.688767
A12: MT119478|Bri-221|Mn|Guinea|2016-11-13 | B12: MT119478 | C12: Guinea | E12: Brissa | F12: 10.216833 | G12: -10.688767
A13: MT119479|Bri-222|Mn|Guinea|2016-11-13 | B13: MT119479 | C13: Guinea | E13: Brissa | F13: 10.216833 | G13: -10.688767
... A111: MW039391|YAK-20|Mn|Sierra_Leone|2014-04-11 | B111: MW039391 | C111: Sierra_Leone | E111: Yakaji | F111: 7.9735 | G111: -11.39484
A112: |G0405|Human|Guinea|2021-6-15 | C112: Guinea | F112: 7.7583242568908215 | G112: -8.80485112963977
A113: |G0274|Human|Guinea|2021-5-7 | C113: Guinea | F113: 7.466279947639486 | G113: -9.193717046674044
A114: |M00362|Human|Guinea|2021-9-18 | C114: Guinea | F114: 10.039045798272154 | G114: -10.742183509781917
A115: |M00363|Human|Guinea|2021-8-17 | C115: Guinea | F115: 7.345405564300894 | G115: -8.95750223772971
A116: |M00364|Human|Guinea|2021-8-20 | C116: Guinea | F116: 7.752556013559322 | G116: -8.82958521282625
A117: |M00008|Human|Guinea|2020-3-12 | C117: Guinea | F117: 8.568444666433754 | G117: -10.133550115649975
A118: |M00009|Human|Guinea|2020-7-10 | C118: Guinea | F118: 8.637178404200865 | G118: -10.412028357069628
A119: MT861993|KIS-2019|Human|Guinea|2019-1-28 | B119: MT861993 | C119: Guinea | F119: 9.191628059461946 | G119: -10.114721933367678

Sheet seqConcatenated
A1: Bri-103|Mn|Guinea|2015-11-09 | B1: MT119465 and MT119559 are merged
A2: Bri-115|Mn|Guinea|2015-11-09 | B2: MT119466 and MT119560 are merged
A3: Bri-116|Mn|Guinea|2015-11-09 | B3: MT119467 and MT119561 are merged
A4: Bri-124|Mn|Guinea|2015-11-09 | B4: MT119468 and MT119562 are merged
A5: Bri-145|Mn|Guinea|2015-11-10 | B5: MT119469 and MT119563 are merged
A6: Bri-161|Mn|Guinea|2015-11-11 | B6: MT119470 and MT119564 are merged
A7: Bri-174|Mn|Guinea|2015-11-11 | B7: MT119471 and MT119565 are merged
A8: Bri-194|Mn|Guinea|2016-11-12 | B8: MT119472 and MT119566 are merged
A9: Bri-195|Mn|Guinea|2016-11-12 | B9: MT119473 and MT119567 are merged
A10: Bri-201|Mn|Guinea|2016-11-12 | B10: MT119474 and MT119568 are merged
A11: Bri-210|Mn|Guinea|2016-11-12 | B11: MT119475 and MT119569 are merged
A12: Bri-215|Mn|Guinea|2016-11-13 | B12: MT119476 and MT119570 are merged
... A124: Yar46|Mn|Guinea|2013-11-21 | B124: MN123696 and KT833192 are merged

Sheet finalSelection
A1: MW039388|NYA-44|Mn|Sierra_Leone|2014-04-28
A2: KM821833|G2230_SLE_2012|Human|Sierra_Leone|2011-12-29
A3: KM821835|G2259_SLE_2012|Human|Sierra_Leone|2012-01-16
A4: KM821871|G2723_SLE_2012|Human|Sierra_Leone|2012-08-21
A5: KM821909|G3278_SLE_2013|Human|Sierra_Leone|2013-08-02
A6: KM821869|G2615_SLE_2012|Human|Sierra_Leone|2012-07-24
A7: KM821861|G2557_SLE_2012|Human|Sierra_Leone|2012-06-26
A8: MW039390|YAK-08|Mn|Sierra_Leone|2014-04-10
A9: KM821856|G2431_SLE_2012|Human|Sierra_Leone|2012-04-02
A10: AF182235|las803205|Human|Sierra_Leone|1976
A11: MG812647|las803209|Human|Sierra_Leone|1975
A12: AF182237|las9607290|Human|Sierra_Leone|1996
... A497: pinneo_NGA-Borno_Lassa_LS_1969
